company,security,CNPJ
AERIS IND. E COM. DE EQUIP. GERACAO DE ENERGIA S/A,AERI3,12.528.708/0001-07
AES TIETE ENERGIA SA,TIET11,04.128.563/0001-10
AES TIETE ENERGIA SA, TIET3,04.128.563/0001-10
AES TIETE ENERGIA SA, TIET4,04.128.563/0001-10
AFLUENTE TRANSMISSÃO DE ENERGIA ELÉTRICA S/A,AFLT3,10.338.320/0001-00
ALEF S.A.,ALEF3B,02.217.319/0001-07
ALFA HOLDINGS S.A.,RPAD3,17.167.396/0001-69
ALFA HOLDINGS S.A., RPAD5,17.167.396/0001-69
ALFA HOLDINGS S.A., RPAD6,17.167.396/0001-69
ALGAR TELECOM S/A,#N/D,71.208.516/0001-74
ALIANSCE SONAE SHOPPING CENTERS S.A.,ALSO3,05.878.397/0001-32
ALLPARK EMPREENDIMENTOS PARTICIPACOES SERVICOS S.A,ALPK3,60.537.263/0001-66
ALPARGATAS S.A.,ALPA3,61.079.117/0001-05
ALPARGATAS S.A., ALPA4,61.079.117/0001-05
ALPER CONSULTORIA E CORRETORA DE SEGUROS S.A.,APER3,11.721.921/0001-60
ALPHAVILLE S.A.,AVLL3,16.811.931/0001-00
ALTERE SECURITIZADORA S.A.,#N/D,02.783.423/0001-50
ALUPAR INVESTIMENTO S/A,ALUP11,08.364.948/0001-38
ALUPAR INVESTIMENTO S/A, ALUP3,08.364.948/0001-38
ALUPAR INVESTIMENTO S/A, ALUP4,08.364.948/0001-38
AMBEV S.A.,ABEV3,07.526.557/0001-00
AMBIPAR PARTICIPACOES E EMPREENDIMENTOS S/A,AMBP3,12.648.266/0001-24
AMPLA ENERGIA E SERVICOS S.A.,CBEE3,33.050.071/0001-58
ANIMA HOLDING S.A.,ANIM3,09.288.252/0001-32
AREZZO INDÚSTRIA E COMÉRCIO S.A.,ARZZ3,16.590.234/0001-76
ATACADÃO S.A.,CRFB3,75.315.333/0001-09
ATMA PARTICIPAÇÕES S.A.,#N/D,04.032.433/0001-80
ATOM EMPREENDIMENTOS E PARTICIPAÇÕES S.A.,ATOM3,00.359.742/0001-08
AURA MINERALS INC.,AURA33,07.857.093/0001-14
AZEVEDO E TRAVASSOS S.A.,AZEV3,61.351.532/0001-68
AZEVEDO E TRAVASSOS S.A., AZEV4,61.351.532/0001-68
AZUL S.A.,AZUL4,09.305.994/0001-29
B2W – COMPANHIA DIGITAL,BTOW3,00.776.574/0001-56
B3 S.A. – BRASIL. BOLSA. BALCÃO,B3SA3,09.346.601/0001-25
BAHEMA EDUCAÇÃO S.A.,BAHI3,45.987.245/0001-92
BANCO BMG S.A.,BMGB4,61.186.680/0001-74
BANCO INTER S.A.,BIDI3,00.416.968/0001-01
BANCO INTER S.A., BIDI11,00.416.968/0001-01
BANCO INTER S.A., BIDI4,00.416.968/0001-01
BANESTES S.A. – BCO EST ESPIRITO SANTO,BEES3,28.127.603/0001-78
BANESTES S.A. – BCO EST ESPIRITO SANTO, BEES4,28.127.603/0001-78
BARDELLA S.A. INDUSTRIAS MECANICAS,BDLL4,60.851.615/0001-53
BARDELLA S.A. INDUSTRIAS MECANICAS, BDLL3,60.851.615/0001-53
BATTISTELLA ADM PARTICIPACOES S.A.,BTTL3,42.331.462/0001-31
BAUMER S.A.,BALM4,61.374.161/0001-30
BAUMER S.A., BALM3,61.374.161/0001-30
BB SEGURIDADE PARTICIPAÇÕES S.A.,BBSE3,17.344.597/0001-94
BBM LOGISTICA S.A.,BBML3,01.107.327/0001-20
BCO ABC BRASIL S.A.,ABCB4,28.195.667/0001-06
BCO ALFA DE INVESTIMENTO S.A.,BRIV3,60.770.336/0001-65
BCO ALFA DE INVESTIMENTO S.A., BRIV4,60.770.336/0001-65
BCO AMAZONIA S.A.,BAZA3,04.902.979/0001-44
BCO BRADESCO S.A.,BBDC4,60.746.948/0001-12
BCO BRADESCO S.A., BBDC3,60.746.948/0001-12
BCO BRASIL S.A.,BBAS11,00.000.000/0001-91
BCO BRASIL S.A., BBAS12,00.000.000/0001-91
BCO BRASIL S.A., BBAS3,00.000.000/0001-91
BCO BTG PACTUAL S.A.,BPAC11,30.306.294/0001-45
BCO BTG PACTUAL S.A., BPAC3,30.306.294/0001-45
BCO BTG PACTUAL S.A., BPAC5,30.306.294/0001-45
BCO ESTADO DE SERGIPE S.A. – BANESE,BGIP3,13.009.717/0001-46
BCO ESTADO DE SERGIPE S.A. – BANESE, BGIP4,13.009.717/0001-46
BCO ESTADO DO PARA S.A.,BPAR3,04.913.711/0001-08
BCO ESTADO DO RIO GRANDE DO SUL S.A.,BRSR6,92.702.067/0001-96
BCO ESTADO DO RIO GRANDE DO SUL S.A., BRSR5,92.702.067/0001-96
BCO ESTADO DO RIO GRANDE DO SUL S.A., BRSR3,92.702.067/0001-96
BCO INDUSVAL S.A.,IDVL3,61.024.352/0001-71
BCO INDUSVAL S.A., IDVL4,61.024.352/0001-71
BCO MERCANTIL DE INVESTIMENTOS S.A.,BMIN3,34.169.557/0001-72
BCO MERCANTIL DE INVESTIMENTOS S.A., BMIN4,34.169.557/0001-72
BCO MERCANTIL DO BRASIL S.A.,BMEB3,17.184.037/0001-10
BCO MERCANTIL DO BRASIL S.A., BMEB4,17.184.037/0001-10
BCO NORDESTE DO BRASIL S.A.,BNBR3,07.237.373/0001-20
BCO PAN S.A.,BPAN4,59.285.411/0001-13
BCO PINE S.A.,PINE3,62.144.175/0001-20
BCO PINE S.A., PINE4,62.144.175/0001-20
BANCO SANTANDER (BRASIL) S.A.,SANB4,90.400.888/0001-42
BANCO SANTANDER (BRASIL) S.A., SANB3,90.400.888/0001-42
BANCO SANTANDER (BRASIL) S.A., SANB11,90.400.888/0001-42
BEMOBI MOBILE TECH S.A.,BMOB3,09.042.817/0001-05
BETAPART PARTICIPACOES S.A.,BETP3B,02.762.124/0001-30
BICICLETAS MONARK S.A.,BMKS3,56.992.423/0001-90
BIOMM S.A.,BIOM3,04.752.991/0001-10
BIOSEV S.A.,BSEV3,15.527.906/0001-36
BK BRASIL OPERAÇÃO E ASSESSORIA A RESTAURANTES SA,BKBR3,13.574.594/0001-96
BNDES PARTICIPACOES S.A. – BNDESPAR,#N/D,00.383.281/0001-09
BOA VISTA SERVIÇOS S.A.,BOAS3,11.725.176/0001-27
BOMBRIL S.A.,BOBR3,50.564.053/0001-03
BOMBRIL S.A., BOBR4,50.564.053/0001-03
BR MALLS PARTICIPACOES S.A.,BRML3,06.977.745/0001-91
BR PROPERTIES S.A.,BRPR3,06.977.751/0001-49
BRADESCO LEASING S.A. ARREND MERCANTIL,#N/D,47.509.120/0001-82
BRADESPAR S.A.,BRAP4,03.847.461/0001-92
BRADESPAR S.A., BRAP3,03.847.461/0001-92
BRASIL BROKERS PARTICIPACOES S.A.,BBRK3,08.613.550/0001-98
BRASILAGRO – CIA BRAS DE PROP AGRICOLAS,AGRO3,07.628.528/0001-59
BRASKEM S.A.,BRKM6,42.150.391/0001-70
BRASKEM S.A., BRKM5,42.150.391/0001-70
BRASKEM S.A., BRKM3,42.150.391/0001-70
BRAZIL REALTY CIA SECURIT. CRÉD. IMOBILIÁRIOS,#N/D,07.119.838/0001-48
BRAZILIAN FINANCE E REAL ESTATE S.A.,#N/D,02.762.113/0001-50
BRAZILIAN SECURITIES CIA SECURITIZACAO,#N/D,03.767.538/0001-14
BRB BCO DE BRASILIA S.A.,BSLI4,00.000.208/0001-00
BRB BCO DE BRASILIA S.A., BSLI3,00.000.208/0001-00
BRF S.A.,BRFS3,01.838.723/0001-27
BRPR 56 SECURITIZADORA CRED IMOB S.A.,#N/D,06.137.677/0001-52
BRQ SOLUCOES EM INFORMATICA S.A.,BRQB3,36.542.025/0001-64
CABINDA PARTICIPACOES S.A.,CABI3B,04.030.182/0001-02
CACHOEIRA PAULISTA TRANSMISSORA ENERGIA S.A.,#N/D,05.336.882/0001-84
CACONDE PARTICIPACOES S.A.,CACO3B,04.031.213/0001-31
CAMBUCI S.A.,CAMB3,61.088.894/0001-08
CAMIL ALIMENTOS S.A.,CAML3,64.904.295/0001-03
CCR S.A.,CCRO3,02.846.056/0001-97
CEA MODAS S.A.,CEAB3,45.242.914/0001-05
CEMEPE INVESTIMENTOS S.A.,MAPT4,93.828.986/0001-73
CEMEPE INVESTIMENTOS S.A., MAPT3,93.828.986/0001-73
CEMIG DISTRIBUICAO S.A.,CMIG3,06.981.180/0001-16
CEMIG DISTRIBUICAO S.A., CMIG4,06.981.180/0001-16
CENTRAIS ELET BRAS S.A. – ELETROBRAS,ELET3,00.001.180/0001-26
CENTRAIS ELET BRAS S.A. – ELETROBRAS, ELET5,00.001.180/0001-26
CENTRAIS ELET BRAS S.A. – ELETROBRAS, ELET6,00.001.180/0001-26
CENTRAIS ELET DE SANTA CATARINA S.A.,CLSC4,83.878.892/0001-55
CENTRAIS ELET DE SANTA CATARINA S.A., CLSC3,83.878.892/0001-55
CENTRO DE IMAGEM DIAGNOSTICOS S.A.,AALR3,42.771.949/0001-35
CESP – CIA ENERGETICA DE SAO PAULO,CESP6,60.933.603/0001-78
CESP – CIA ENERGETICA DE SAO PAULO, CESP5,60.933.603/0001-78
CESP – CIA ENERGETICA DE SAO PAULO, CESP3,60.933.603/0001-78
CIA BRASILEIRA DE DISTRIBUICAO,PCAR3,47.508.411/0001-56
CIA CATARINENSE DE AGUAS E SANEAM.-CASAN,CASN4,82.508.433/0001-17
CIA CATARINENSE DE AGUAS E SANEAM.-CASAN, CASN3,82.508.433/0001-17
CIA CELG DE PARTICIPACOES – CELGPAR,GPAR3,08.560.444/0001-93
CIA DISTRIB DE GAS DO RIO DE JANEIRO-CEG,CEGR3,33.938.119/0001-69
CIA ELETRICIDADE EST. DA BAHIA – COELBA,CEEB3,15.139.629/0001-94
CIA ELETRICIDADE EST. DA BAHIA – COELBA, CEEB5,15.139.629/0001-94
CIA ELETRICIDADE EST. DA BAHIA – COELBA, CEEB6,15.139.629/0001-94
CIA ENERGETICA DE BRASILIA,CEBR6,00.070.698/0001-11
CIA ENERGETICA DE BRASILIA, CEBR5,00.070.698/0001-11
CIA ENERGETICA DE BRASILIA, CEBR3,00.070.698/0001-11
CIA ENERGETICA DE MINAS GERAIS – CEMIG,CMIG4,17.155.730/0001-64
CIA ENERGETICA DE MINAS GERAIS – CEMIG, CMIG3,17.155.730/0001-64
CIA ENERGETICA DE PERNAMBUCO – CELPE,CEPE5,10.835.932/0001-08
CIA ENERGETICA DE PERNAMBUCO – CELPE, CEPE3,10.835.932/0001-08
CIA ENERGETICA DO CEARA – COELCE,COCE6,07.047.251/0001-70
CIA ENERGETICA DO CEARA – COELCE, COCE5,07.047.251/0001-70
CIA ENERGETICA DO CEARA – COELCE, COCE3,07.047.251/0001-70
CIA ENERGETICA DO RIO GDE NORTE – COSERN,CSRN3,08.324.196/0001-81
CIA ENERGETICA DO RIO GDE NORTE – COSERN, CSRN5,08.324.196/0001-81
CIA ENERGETICA DO RIO GDE NORTE – COSERN, CSRN6,08.324.196/0001-81
CIA ESTADUAL DE DISTRIB ENER ELET-CEEE-D,CEED4,08.467.115/0001-00
CIA ESTADUAL DE DISTRIB ENER ELET-CEEE-D, CEED3,08.467.115/0001-00
CIA ESTADUAL GER.TRANS.ENER.ELET-CEEE-GT,EEEL4,92.715.812/0001-31
CIA ESTADUAL GER.TRANS.ENER.ELET-CEEE-GT, EEEL3,92.715.812/0001-31
CIA FERRO LIGAS DA BAHIA – FERBASA,FESA4,15.141.799/0001-03
CIA FERRO LIGAS DA BAHIA – FERBASA, FESA3,15.141.799/0001-03
CIA FIACAO TECIDOS CEDRO CACHOEIRA,CEDO4,17.245.234/0001-00
CIA FIACAO TECIDOS CEDRO CACHOEIRA, CEDO3,17.245.234/0001-00
CIA GAS DE SAO PAULO – COMGAS,CGAS3,61.856.571/0001-17
CIA GAS DE SAO PAULO – COMGAS, CGAS5,61.856.571/0001-17
CIA HABITASUL DE PARTICIPACOES,HBTS3,87.762.563/0001-03
CIA HABITASUL DE PARTICIPACOES, HBTS5,87.762.563/0001-03
CIA HABITASUL DE PARTICIPACOES, HBTS6,87.762.563/0001-03
CIA HERING,HGTX3,78.876.950/0001-71
CIA INDUSTRIAL CATAGUASES,CATA3,19.526.748/0001-50
CIA INDUSTRIAL CATAGUASES, CATA4,19.526.748/0001-50
CIA LOCAÇÃO DAS AMÉRICAS,LCAM3,10.215.988/0001-60
CIA MELHORAMENTOS DE SAO PAULO,MSPA3,60.730.348/0001-66
CIA MELHORAMENTOS DE SAO PAULO, MSPA4,60.730.348/0001-66
CIA PARANAENSE DE ENERGIA – COPEL,CPLE6,76.483.817/0001-20
CIA PARANAENSE DE ENERGIA – COPEL, CPLE5,76.483.817/0001-20
CIA PARANAENSE DE ENERGIA – COPEL, CPLE3,76.483.817/0001-20
CIA PARTICIPACOES ALIANCA DA BAHIA,PEAB3,01.938.783/0001-11
CIA PARTICIPACOES ALIANCA DA BAHIA, PEAB4,01.938.783/0001-11
CIA PAULISTA DE FORCA E LUZ,#N/D,33.050.196/0001-88
CIA PIRATININGA DE FORCA E LUZ,#N/D,04.172.213/0001-51
CIA SANEAMENTO BASICO EST SAO PAULO,SBSP3,43.776.517/0001-80
CIA SANEAMENTO DE MINAS GERAIS-COPASA MG,CSMG3,17.281.106/0001-03
CIA SANEAMENTO DO PARANA – SANEPAR,SAPR4,76.484.013/0001-45
CIA SANEAMENTO DO PARANA – SANEPAR, SAPR3,76.484.013/0001-45
CIA SANEAMENTO DO PARANA – SANEPAR, SAPR11,76.484.013/0001-45
CIA SEGUROS ALIANCA DA BAHIA,CSAB3,15.144.017/0001-90
CIA SEGUROS ALIANCA DA BAHIA, CSAB4,15.144.017/0001-90
CIA SIDERURGICA NACIONAL,CSNA3,33.042.730/0001-04
CIA TECIDOS NORTE DE MINAS COTEMINAS,CTNM4,22.677.520/0001-76
CIA TECIDOS NORTE DE MINAS COTEMINAS, CTNM3,22.677.520/0001-76
CIA TECIDOS SANTANENSE,CTSA3,21.255.567/0001-89
CIA TECIDOS SANTANENSE, CTSA4,21.255.567/0001-89
CIA TECIDOS SANTANENSE, CTSA8,21.255.567/0001-89
CIBRASEC – COMPANHIA BRASILEIRA DE SECURITIZACAO,#N/D,02.105.040/0001-23
CIELO S.A.,CIEL3,01.027.058/0001-91
CIMS S.A.,CMSA3,00.272.185/0001-93
CIMS S.A., CMSA4,00.272.185/0001-93
CINESYSTEM S.A.,CNSY3,07.437.016/0001-05
COGNA EDUCAÇÃO S.A.,COGN3,02.800.026/0001-40
CONC AUTO RAPOSO TAVARES S.A.,#N/D,10.531.501/0001-58
CONC DO AEROPORTO INTERNACIONAL DE GUARULHOS S.A.,#N/D,15.578.569/0001-06
CONC ECOVIAS IMIGRANTES S.A.,#N/D,02.509.491/0001-26
CONC RIO-TERESOPOLIS S.A.,CRTE3B,00.938.574/0001-05
CONC RIO-TERESOPOLIS S.A., CRTE5B,00.938.574/0001-05
CONC ROD AYRTON SENNA E CARV PINTO S.A.-ECOPISTAS,#N/D,10.841.050/0001-55
CONC ROD.OESTE SP VIAOESTE S.A,#N/D,02.415.408/0001-50
CONC RODOVIAS DO TIETÊ S.A.,#N/D,10.678.505/0001-63
CONC ROTA DAS BANDEIRAS S.A.,#N/D,10.647.979/0001-48
CONC SIST ANHANG-BANDEIRANT S.A. AUTOBAN,#N/D,02.451.848/0001-62
CONSERVAS ODERICH S.A.,ODER3,97.191.902/0001-94
CONSERVAS ODERICH S.A., ODER4,97.191.902/0001-94
CONSORCIO ALFA DE ADMINISTRACAO S.A.,BRGE11,17.193.806/0001-46
CONSORCIO ALFA DE ADMINISTRACAO S.A., BRGE12,17.193.806/0001-46
CONSORCIO ALFA DE ADMINISTRACAO S.A., BRGE3,17.193.806/0001-46
CONSORCIO ALFA DE ADMINISTRACAO S.A., BRGE5,17.193.806/0001-46
CONSORCIO ALFA DE ADMINISTRACAO S.A., BRGE6,17.193.806/0001-46
CONSORCIO ALFA DE ADMINISTRACAO S.A., BRGE7,17.193.806/0001-46
CONSORCIO ALFA DE ADMINISTRACAO S.A., BRGE8,17.193.806/0001-46
CONSTRUTORA ADOLPHO LINDENBERG S.A.,CALI3,61.022.042/0001-18
CONSTRUTORA ADOLPHO LINDENBERG S.A., CALI4,61.022.042/0001-18
CONSTRUTORA TENDA S.A.,TEND3,71.476.527/0001-35
CORREA RIBEIRO S.A. COMERCIO E INDUSTRIA,CORR3,15.101.405/0001-93
CORREA RIBEIRO S.A. COMERCIO E INDUSTRIA, CORR4,15.101.405/0001-93
COSAN LOGISTICA S.A.,RLOG3,17.346.997/0001-39
COSAN S.A.,CSAN3,50.746.577/0001-15
CPFL ENERGIA S.A.,CPFE3,02.429.144/0001-93
CPFL ENERGIAS RENOVÁVEIS S.A.,CPRE3,08.439.659/0001-50
CPFL GERACAO DE ENERGIA S.A.,nan,03.953.509/0001-47
CR2 EMPREENDIMENTOS IMOBILIARIOS S.A.,CRDE3,07.820.907/0001-46
CRUZEIRO DO SUL EDUCACIONAL S.A.,CSED3,62.984.091/0001-02
CSU CARDSYSTEM S.A.,CARD3,01.896.779/0001-38
CTC – CENTRO DE TECNOLOGIA CANAVIEIRA S.A.,#N/D,06.981.381/0001-13
CTEEP – CIA TRANSMISSÃO ENERGIA ELÉTRICA PAULISTA,TRPL3,02.998.611/0001-04
CTEEP – CIA TRANSMISSÃO ENERGIA ELÉTRICA PAULISTA, TRPL4,02.998.611/0001-04
CVC BRASIL OPERADORA E AGÊNCIA DE VIAGENS S.A.,CVCB3,10.760.260/0001-19
CYRELA BRAZIL REALTY S.A.EMPREEND E PART,CYRE3,73.178.600/0001-18
CYRELA COMMERCIAL PROPERT S.A. EMPR PART,CCPR3,08.801.621/0001-86
DIAGNOSTICOS DA AMERICA S.A.,DASA3,61.486.650/0001-83
DIBENS LEASING S.A. – ARREND.MERCANTIL,#N/D,65.654.303/0001-73
DIMED S.A. DISTRIBUIDORA DE MEDICAMENTOS,PNVL4,92.665.611/0001-77
DIMED S.A. DISTRIBUIDORA DE MEDICAMENTOS, PNVL3,92.665.611/0001-77
DIRECIONAL ENGENHARIA S.A.,DIRR3,16.614.075/0001-00
DOHLER S.A.,DOHL3,84.683.408/0001-03
DOHLER S.A., DOHL4,84.683.408/0001-03
DOMMO ENERGIA S.A.,DMMO11,08.926.302/0001-05
DOMMO ENERGIA S.A., DMMO3,08.926.302/0001-05
DTCOM – DIRECT TO COMPANY S.A.,DTCY3,03.303.999/0001-36
DTCOM – DIRECT TO COMPANY S.A., DTCY4,03.303.999/0001-36
DURATEX S.A.,DTEX3,97.837.181/0001-47
ECO SECURITIZADORA DIREITOS CRED AGRONEGÓCIO S.A.,#N/D,10.753.164/0001-43
ECORODOVIAS CONCESSÕES E SERVIÇOS S.A.,ECOR3,08.873.873/0001-10
ECORODOVIAS INFRAESTRUTURA E LOGÍSTICA S.A.,ECOR3,04.149.454/0001-80
EDP – ENERGIAS DO BRASIL S.A.,ENBR3,03.983.431/0001-03
EDP ESPIRITO SANTO DISTRIBUIÇÃO DE ENERGIA S.A.,#N/D,28.152.650/0001-71
EDP SÃO PAULO DISTRIBUIÇÃO DE ENERGIA S.A.,#N/D,02.302.100/0001-06
ELECTRO ACO ALTONA S.A.,EALT3,82.643.537/0001-34
ELECTRO ACO ALTONA S.A., EALT4,82.643.537/0001-34
ELEKTRO REDES S.A.,EKTR3,02.328.280/0001-97
ELEKTRO REDES S.A., EKTR4,02.328.280/0001-97
ELETROBRÁS PARTICIPAÇÕES S.A. – ELETROPAR,LIPR3,01.104.937/0001-70
ELETROMIDIA S.A.,ELMD3,09.347.516/0001-81
ELETROPAULO METROP. ELET. SAO PAULO S.A.,ELPL3,61.695.227/0001-93
ELETROPAULO METROP. ELET. SAO PAULO S.A., ELPL4,61.695.227/0001-93
ELETROPAULO METROP. ELET. SAO PAULO S.A., ELPL5,61.695.227/0001-93
ELETROPAULO METROP. ELET. SAO PAULO S.A., ELPL6,61.695.227/0001-93
EMAE – EMPRESA METROP.AGUAS ENERGIA S.A.,EMAE3,02.302.101/0001-42
EMAE – EMPRESA METROP.AGUAS ENERGIA S.A., EMAE4,02.302.101/0001-42
EMBRAER S.A.,EMBR3,07.689.002/0001-89
EMPREENDIMENTOS PAGUE MENOS S.A.,PGMN3,06.626.253/0001-51
EMPRESA NAC COM REDITO PART S.A.ENCORPAR,ECPR3,01.971.614/0001-83
EMPRESA NAC COM REDITO PART S.A.ENCORPAR, ECPR4,01.971.614/0001-83
ENAUTA PARTICIPAÇÕES S.A.,ENAT3,11.669.021/0001-10
ENERGISA MATO GROSSO DO SUL – DIST DE ENERGIA S.A.,#N/D,15.413.826/0001-50
ENERGISA MATO GROSSO-DISTRIBUIDORA DE ENERGIA S/A,ENMT3,03.467.321/0001-99
ENERGISA MATO GROSSO-DISTRIBUIDORA DE ENERGIA S/A, ENMT4,03.467.321/0001-99
ENERGISA S.A.,ENGI11,00.864.214/0001-06
ENERGISA S.A., ENGI3,00.864.214/0001-06
ENERGISA S.A., ENGI4,00.864.214/0001-06
ENEVA S.A,ENEV3,04.423.567/0001-21
ENGIE BRASIL ENERGIA S.A.,EGIE3,02.474.103/0001-19
ENJOEI.COM.BR ATIVIDADES DE INTERNET S.A.,ENJU3,16.922.038/0001-51
EQUATORIAL ENERGIA S.A.,EQTL3,03.220.438/0001-73
EQUATORIAL MARANHÃO DISTRIBUIDORA DE ENERGIA S.A.,#N/D,06.272.793/0001-84
EQUATORIAL PARA DISTRIBUIDORA DE ENERGIA S.A.,EQPA3,04.895.728/0001-80
EQUATORIAL PARA DISTRIBUIDORA DE ENERGIA S.A., EQPA5,04.895.728/0001-80
EQUATORIAL PARA DISTRIBUIDORA DE ENERGIA S.A., EQPA6,04.895.728/0001-80
EQUATORIAL PARA DISTRIBUIDORA DE ENERGIA S.A., EQPA7,04.895.728/0001-80
ETERNIT S.A.,ETER3,61.092.037/0001-81
EUCATEX S.A. INDUSTRIA E COMERCIO,EUCA4,56.643.018/0001-66
EUCATEX S.A. INDUSTRIA E COMERCIO, EUCA3,56.643.018/0001-66
EVEN CONSTRUTORA E INCORPORADORA S.A.,EVEN3,43.470.988/0001-65
EXCELSIOR ALIMENTOS S.A.,BAUH3,95.426.862/0001-97
EXCELSIOR ALIMENTOS S.A., BAUH4,95.426.862/0001-97
EZ TEC EMPREEND. E PARTICIPACOES S.A.,EZTC3,08.312.229/0001-73
FERREIRA GOMES ENERGIA S.A.,#N/D,12.489.315/0001-23
FERROVIA CENTRO-ATLANTICA S.A.,VSPT3,00.924.429/0001-75
FERROVIA CENTRO-ATLANTICA S.A., VSPT4,00.924.429/0001-75
FERTILIZANTES HERINGER S.A.,FHER3,22.266.175/0001-88
FINANCEIRA ALFA S.A.- CRED FINANC E INVS,CRIV3,17.167.412/0001-13
FINANCEIRA ALFA S.A.- CRED FINANC E INVS, CRIV4,17.167.412/0001-13
FINANSINOS S.A.- CREDITO FINANC E INVEST,FNCN3,91.669.747/0001-92
FLEURY S.A.,FLRY3,60.840.055/0001-31
FLEX GESTÃO DE RELACIONAMENTOS S.A.,FLEX3,10.851.805/0001-00
FOCUS ENERGIA HOLDING PARTICIPAÇÕES S.A,POWE3,26.735.020/0001-02
FRAS-LE S.A.,FRAS3,88.610.126/0001-29
GAFISA S.A.,GFSA3,01.545.826/0001-07
GAIA AGRO SECURITIZADORA S.A.,GAFL-CRA02B0,14.876.090/0001-93
GAIA SECURITIZADORA S.A.,#N/D,07.587.384/0001-30
GAMA PARTICIPACOES S.A.,OPGM3B,02.796.775/0001-40
GENERAL SHOPPING E OUTLETS DO BRASIL S.A.,GSHP3,08.764.621/0001-53
GERDAU S.A.,GGBR3,33.611.500/0001-19
GERDAU S.A., GGBR4,33.611.500/0001-19
GOL LINHAS AEREAS INTELIGENTES S.A.,GOLL11,06.164.253/0001-87
GOL LINHAS AEREAS INTELIGENTES S.A., GOLL4,06.164.253/0001-87
GP INVESTMENTS. LTD.,GPIV33,07.857.850/0001-50
GPC PARTICIPACOES S.A.,GPCP3,02.193.750/0001-52
GPC PARTICIPACOES S.A., GPCP4,02.193.750/0001-52
GRAZZIOTIN S.A.,CGRA4,92.012.467/0001-70
GRAZZIOTIN S.A., CGRA3,92.012.467/0001-70
GRENDENE S.A.,GRND3,89.850.341/0001-60
GRUPO DE MODA SOMA S.A.,SOMA3,10.285.590/0001-08
GRUPO MATEUS S.A.,GMAT3,24.990.777/0001-09
CENTAURO S.A.,CNTO3,13.217.485/0001-11
GUARARAPES CONFECCOES S.A.,GUAR3,08.402.943/0001-52
HAGA S.A. INDUSTRIA E COMERCIO,HAGA3,30.540.991/0001-66
HAGA S.A. INDUSTRIA E COMERCIO, HAGA4,30.540.991/0001-66
HAPVIDA PARTICIPACOES E INVESTIMENTOS SA,HAPV3,05.197.443/0001-38
HBR REALTY EMPREENDIMENTOS IMOBILIARIOS S/A,HBRE3,14.785.152/0001-51
HELBOR EMPREENDIMENTOS S.A.,HBOR3,49.263.189/0001-02
HERCULES S.A. FABRICA DE TALHERES,HETA3,92.749.225/0001-63
HERCULES S.A. FABRICA DE TALHERES, HETA4,92.749.225/0001-63
HIDROVIAS DO BRASIL S.A.,#N/D,12.648.327/0001-53
HOTEIS OTHON S.A.,HOOT4,33.200.049/0001-47
HYPERA S.A.,HYPE3,02.932.074/0001-91
IGB ELETRÔNICA S/A,IGBR3,43.185.362/0001-07
IGUA SANEAMENTO S.A.,IGSN3,08.159.965/0001-33
IGUATEMI EMPRESA DE SHOPPING CENTERS S.A,IGTA3,51.218.147/0001-93
INDUSTRIAS J B DUARTE S.A.,JBDU3,60.637.238/0001-54
INDUSTRIAS J B DUARTE S.A., JBDU4,60.637.238/0001-54
INDUSTRIAS ROMI S.A.,ROMI3,56.720.428/0001-63
INEPAR S.A. INDUSTRIA E CONSTRUCOES,INEP4,76.627.504/0001-06
INEPAR S.A. INDUSTRIA E CONSTRUCOES, INEP3,76.627.504/0001-06
INSTITUTO HERMES PARDINI S.A.,PARD3,19.378.769/0001-76
INTELBRAS S.A. IND DE TELEC ELETRONICA BRASILEIRA,#N/D,82.901.000/0001-27
INTER CONSTRUTORA E INCORPORADORA S.A.,INNT3,09.611.768/0001-76
INTERNATIONAL MEAL COMPANY ALIMENTACAO S.A.,MEAL3,17.314.329/0001-20
INVESTIMENTOS BEMGE S.A.,FIGE3,01.548.981/0001-79
INVESTIMENTOS BEMGE S.A., FIGE4,01.548.981/0001-79
INVESTIMENTOS E PARTICIP. EM INFRA S.A. – INVEPAR,IVPR4B,03.758.318/0001-24
INVESTIMENTOS E PARTICIP. EM INFRA S.A. – INVEPAR, IVPR3B,03.758.318/0001-24
IOCHPE MAXION S.A.,MYPK3,61.156.113/0001-75
IRANI PAPEL E EMBALAGEM S.A.,RANI3,92.791.243/0001-03
IRANI PAPEL E EMBALAGEM S.A., RANI4,92.791.243/0001-03
IRB – BRASIL RESSEGUROS S.A.,IRBR3,33.376.989/0001-91
ITAPEBI GERACAO DE ENERGIA S.A.,#N/D,02.397.080/0001-96
ITAU UNIBANCO HOLDING S.A.,ITUB3,60.872.504/0001-23
ITAU UNIBANCO HOLDING S.A., ITUB4,60.872.504/0001-23
ITAUSA S.A.,ITSA3,61.532.644/0001-15
ITAUSA S.A., ITSA4,61.532.644/0001-15
J. MACEDO S.A.,#N/D,14.998.371/0001-19
JALLES MACHADO S.A.,JALL3,02.635.522/0001-95
JBS S.A.,JBSS3,02.916.265/0001-60
JEREISSATI PARTICIPACOES S.A.,JPSA3,60.543.816/0001-93
JHSF PARTICIPACOES S.A.,JHSF3,08.294.224/0001-65
JOAO FORTES ENGENHARIA S.A.,JFEN3,33.035.536/0001-00
JOSAPAR-JOAQUIM OLIVEIRA S.A. – PARTICIP,JOPA3,87.456.562/0001-22
JOSAPAR-JOAQUIM OLIVEIRA S.A. – PARTICIP, JOPA4,87.456.562/0001-22
JSL S.A.,JSLG3,52.548.435/0001-79
KARSTEN S.A.,CTKA4,82.640.558/0001-04
KARSTEN S.A., CTKA3,82.640.558/0001-04
KEPLER WEBER S.A.,KEPL3,91.983.056/0001-69
KLABIN S.A.,KLBN11,89.637.490/0001-45
KLABIN S.A., KLBN3,89.637.490/0001-45
KLABIN S.A., KLBN4,89.637.490/0001-45
LAVVI EMPREENDIMENTOS IMOBILIÁRIOS S.A.,LAVV3,26.462.693/0001-28
LIFEMED INDUSTRIAL EQUIP. DE ART. MÉD. HOSP. S.A.,LMED3,02.357.251/0001-53
LIGHT S.A.,LIGT3,03.378.521/0001-75
LIGHT SERVICOS DE ELETRICIDADE S.A.,#N/D,60.444.437/0001-46
LINX S.A.,LINX3,06.948.969/0001-75
LITEL PARTICIPACOES S.A.,LTEL3B,00.743.065/0001-27
LITELA PARTICIPAÇÕES S.A.,LTLA3B,05.495.546/0001-84
LOCALIZA RENT A CAR S.A.,RENT3,16.670.085/0001-55
LOCAWEB SERVIÇOS DE INTERNET S.A.,LWSA3,02.351.877/0001-52
LOG COMMERCIAL PROPERTIES,LOGG3,09.041.168/0001-10
LOG-IN LOGISTICA INTERMODAL S.A.,LOGN3,42.278.291/0001-24
LOJAS AMERICANAS S.A.,LAME3,33.014.556/0001-96
LOJAS AMERICANAS S.A., LAME4,33.014.556/0001-96
LOJAS QUERO-QUERO S/A,#N/D,96.418.264/0218-02
LOJAS RENNER S.A.,LREN3,92.754.738/0001-62
LPS BRASIL – CONSULTORIA DE IMOVEIS S.A.,LPSB3,08.078.847/0001-09
LUPATECH S.A.,LUPA3,89.463.822/0001-12
M.DIAS BRANCO S.A. IND COM DE ALIMENTOS,MDIA3,07.206.816/0001-15
MAESTRO LOCADORA DE VEICULOS S.A.,MSRO3,08.795.211/0001-70
MAGAZINE LUIZA S.A.,MGLU3,47.960.950/0001-21
MAHLE-METAL LEVE S.A.,LEVE3,60.476.884/0001-87
MANGELS INDUSTRIAL S.A.,MGEL3,61.065.298/0001-02
MANGELS INDUSTRIAL S.A., MGEL4,61.065.298/0001-02
MANUFATURA DE BRINQUEDOS ESTRELA S.A.,ESTR4,61.082.004/0001-50
MANUFATURA DE BRINQUEDOS ESTRELA S.A., ESTR3,61.082.004/0001-50
MARCOPOLO S.A.,POMO4,88.611.835/0001-29
MARCOPOLO S.A., POMO3,88.611.835/0001-29
MARFRIG GLOBAL FOODS S.A.,MRFG3,03.853.896/0001-40
LOJAS MARISA S.A.,AMAR3,61.189.288/0001-89
MÉLIUZ S.A.,CASH3,14.110.585/0001-07
MELNICK DESENVOLVIMENTO IMOBILIÁRIO S.A.,MELK3,12.181.987/0001-77
MERCANTIL BRASIL FINANC S.A. C.F.I.,MERC3,33.040.601/0001-87
MERCANTIL BRASIL FINANC S.A. C.F.I., MERC4,33.040.601/0001-87
METALFRIO SOLUTIONS S.A.,FRIO3,04.821.041/0001-08
METALGRAFICA IGUACU S.A.,MTIG3,80.227.184/0001-66
METALGRAFICA IGUACU S.A., MTIG4,80.227.184/0001-66
METALURGICA GERDAU S.A.,GOAU3,92.690.783/0001-09
METALURGICA GERDAU S.A., GOAU4,92.690.783/0001-09
METALURGICA RIOSULENSE S.A.,RSUL3,85.778.074/0001-06
METALURGICA RIOSULENSE S.A., RSUL4,85.778.074/0001-06
METISA METALURGICA TIMBOENSE S.A.,MTSA3,86.375.425/0001-09
METISA METALURGICA TIMBOENSE S.A., MTSA4,86.375.425/0001-09
MGI – MINAS GERAIS PARTICIPAÇÕES S.A.,#N/D,19.296.342/0001-29
MILLS ESTRUTURAS E SERVIÇOS DE ENGENHARIA S.A.,MILS3,27.093.558/0001-15
MINASMAQUINAS S.A.,MMAQ3,17.161.241/0001-15
MINASMAQUINAS S.A., MMAQ4,17.161.241/0001-15
MINERVA S.A.,BEEF3,67.620.377/0001-14
MINERVA S.A., BEEF11,67.620.377/0001-14
MINUPAR PARTICIPACOES S.A.,MNPR3,90.076.886/0001-40
MITRE REALTY EMPREENDIMENTOS E PARTICIPAÇÕES S.A.,MTRE3,07.882.930/0001-65
MMX MINERACAO E METALICOS S.A.,MMXM3,02.762.115/0001-49
Mobly S.A.,MBLY3,31.553.627/0001-01
MONTEIRO ARANHA S.A.,MOAR3,33.102.476/0001-92
Mosaico Tecnologia ao Consumidor S.A.,MOSI3,09.083.175/0001-84
MOURA DUBEUX ENGENHARIA S/A,MDNE3,12.049.631/0001-84
MOVIDA PARTICIPACOES SA,MOVI3,21.314.559/0001-66
MPM CORPÓREOS S.A.,ESPA3,26.659.061/0001-59
MRS LOGISTICA S.A.,MRSA3B,01.417.222/0001-77
MRS LOGISTICA S.A., MRSA5B,01.417.222/0001-77
MRS LOGISTICA S.A., MRSA6B,01.417.222/0001-77
MRV ENGENHARIA E PARTICIPACOES S.A.,MRVE3,08.343.492/0001-20
MULTIPLAN – EMPREEND IMOBILIARIOS S.A.,MULT3,07.816.890/0001-53
MUNDIAL S.A. – PRODUTOS DE CONSUMO,MNDL3,88.610.191/0001-54
NATURA &CO HOLDING S.A.,NTCO3,32.785.497/0001-97
NATURA COSMETICOS S.A.,NTCO3,71.673.990/0001-77
NEOENERGIA S.A.,NEOE3,01.083.200/0001-18
NEOGRID PARTICIPACOES S.A.,NGRD3,10.139.870/0001-08
NORDON INDUSTRIAS METALURGICAS S.A.,NORD3,60.884.319/0001-59
NORTEC QUÍMICA S.A.,NRTQ3,29.950.060/0001-57
NOTRE DAME INTERMEDICA PARTICIPACOES SA,GNDI3,19.853.511/0001-84
NUTRIPLANT INDUSTRIA E COMERCIO S.A.,#N/D,51.128.999/0001-90
OCEANPACT SERVICOS MARITIMOS S.A.,OPCT3,09.114.805/0001-30
OCTANTE SECURITIZADORA S.A.,#N/D,12.139.922/0001-63
ODONTOPREV S.A.,ODPV3,58.119.199/0001-51
OI S.A.,OIBR4,76.535.764/0001-43
OI S.A., OIBR3,76.535.764/0001-43
OMEGA GERAÇÃO S.A.,OMGE3,09.149.503/0001-06
OPPORTUNITY ENERGIA E PARTICIPACOES S.A.,OPHE3B,02.318.346/0001-68
ORIZON VALORIZACAO DE RESIDUOS S.A.,ORVR3,11.421.994/0001-36
OSX BRASIL S.A.,OSXB3,09.112.685/0001-32
OURINVEST SECURITIZADORA SA,#N/D,12.320.349/0001-90
OURO FINO SAUDE ANIMAL PARTICIPACOES S.A.,OFSA3,20.258.278/0001-70
OURO VERDE LOCACAO E SERVICO S.A.,#N/D,75.609.123/0001-23
PADTEC HOLDING S.A.,PDTC3,02.365.069/0001-44
PANATLANTICA S.A.,PATI3,92.693.019/0001-89
PANATLANTICA S.A., PATI4,92.693.019/0001-89
PARANA BCO S.A.,#N/D,14.388.334/0001-99
PARANAPANEMA S.A.,PMAM3,60.398.369/0004-79
PATRIA CIA SECURITIZADORA DE CRED IMOB,#N/D,02.736.470/0001-43
PBG S/A,PTBL3,83.475.913/0001-91
PDG COMPANHIA SECURITIZADORA,#N/D,09.538.973/0001-53
PDG REALTY S.A. EMPREEND E PARTICIPACOES,PDGR3,02.950.811/0001-89
PET CENTER COMERCIO E PARTICIPACOES S.A.,PETZ3,18.328.118/0001-09
PETRO RIO S.A.,PRIO3,10.629.105/0001-68
PETROBRAS DISTRIBUIDORA S/A,BRDT3,34.274.233/0001-02
PETROLEO BRASILEIRO S.A. PETROBRAS,PETR4,33.000.167/0001-01
PETROLEO BRASILEIRO S.A. PETROBRAS, PETR3,33.000.167/0001-01
PETTENATI S.A. INDUSTRIA TEXTIL,PTNT3,88.613.658/0001-10
PETTENATI S.A. INDUSTRIA TEXTIL, PTNT4,88.613.658/0001-10
PLANO & PLANO DESENVOLVIMENTO IMOBILIÁRIO S.A.,PLPL3,24.230.275/0001-80
PLASCAR PARTICIPACOES INDUSTRIAIS S.A.,PLAS3,51.928.174/0001-50
POLO CAPITAL SECURITIZADORA S.A,#N/D,12.261.588/0001-16
POLPAR S.A.,PPAR3,59.789.545/0001-71
POMIFRUTAS S/A,FRTA3,86.550.951/0001-50
PORTO SEGURO S.A.,PSSA3,02.149.205/0001-69
PORTO SUDESTE V.M. S.A.,PSVM11,18.494.485/0001-82
POSITIVO TECNOLOGIA S.A.,POSI3,81.243.735/0001-48
PPLA PARTICIPATIONS LTD.,PPLA11,15.073.274/0001-88
PRATICA KLIMAQUIP INDUSTRIA E COMERCIO SA,PTCA11,08.574.411/0001-00
PRATICA KLIMAQUIP INDUSTRIA E COMERCIO SA, PTCA3,08.574.411/0001-00
PRINER SERVIÇOS INDUSTRIAIS S.A.,PRNR3,18.593.815/0001-97
PRODUTORES ENERGET.DE MANSO S.A.- PROMAN,PRMN3B,02.291.077/0001-93
PROFARMA DISTRIB PROD FARMACEUTICOS S.A.,PFRM3,45.453.214/0001-51
PROMPT PARTICIPACOES S.A.,PRPT3B,02.992.449/0001-09
QUALICORP CONSULTORIA E CORRETORA DE SEGUROS S.A.,QUAL3,11.992.680/0001-93
QUALITY SOFTWARE S.A.,QUSW3,35.791.391/0001-94
RAIA DROGASIL S.A.,RADL3,61.585.865/0001-51
RAIZEN ENERGIA S.A.,#N/D,08.070.508/0001-78
RANDON S.A. IMPLEMENTOS E PARTICIPACOES,RAPT4,89.086.144/0001-16
RANDON S.A. IMPLEMENTOS E PARTICIPACOES, RAPT3,89.086.144/0001-16
RB CAPITAL COMPANHIA DE SECURITIZAÇÃO,#N/D,02.773.542/0001-22
REAL AI PIC SEC DE CREDITOS IMOBILIARIO S.A.,#N/D,02.643.896/0001-52
RECRUSUL S.A.,RCSL3,91.333.666/0001-17
RECRUSUL S.A., RCSL4,91.333.666/0001-17
Rede DOr São Luiz S.A.,nan,nan
REDE ENERGIA PARTICIPAÇÕES S.A.,REDE3,61.584.140/0001-49
REFINARIA DE PETROLEOS MANGUINHOS S.A.,RPMG3,33.412.081/0001-96
RENOVA ENERGIA S.A.,RNEW11,08.534.605/0001-74
RENOVA ENERGIA S.A., RNEW4,08.534.605/0001-74
RENOVA ENERGIA S.A., RNEW3,08.534.605/0001-74
RESTOQUE COMÉRCIO E CONFECÇÕES DE ROUPAS S.A.,LLIS3,49.669.856/0001-43
RGE SUL DISTRIBUIDORA DE ENERGIA S.A.,#N/D,02.016.440/0001-62
RIO PARANAPANEMA ENERGIA S.A.,GEPA3,02.998.301/0001-81
RIO PARANAPANEMA ENERGIA S.A., GEPA4,02.998.301/0001-81
RNI NEGÓCIOS IMOBILIÁRIOS S.A.,RDNI3,67.010.660/0001-24
RODOVIAS DAS COLINAS S.A.,#N/D,03.025.305/0001-46
ROSSI RESIDENCIAL S.A.,RSID3,61.065.751/0001-80
RUMO MALHA NORTE S.A.,FRRN3B,24.962.466/0001-36
RUMO MALHA NORTE S.A., FRRN5B,24.962.466/0001-36
RUMO MALHA NORTE S.A., FRRN6B,24.962.466/0001-36
RUMO MALHA PAULISTA S.A.,#N/D,02.502.844/0001-66
RUMO S.A.,RAIL3,02.387.241/0001-60
SALUS INFRAESTRUTURA PORTUARIA SA,#N/D,15.494.541/0001-90
SANESALTO SANEAMENTO S.A.,#N/D,02.724.983/0001-34
SANSUY S.A. INDUSTRIA DE PLASTICOS,SNSY3,14.807.945/0001-24
SANSUY S.A. INDUSTRIA DE PLASTICOS, SNSY5,14.807.945/0001-24
SANSUY S.A. INDUSTRIA DE PLASTICOS, SNSY6,14.807.945/0001-24
SANTO ANTONIO ENERGIA S.A.,#N/D,09.391.823/0001-60
SANTOS BRASIL PARTICIPACOES S.A.,STBP3,02.762.121/0001-04
SAO CARLOS EMPREEND E PARTICIPACOES S.A.,SCAR3,29.780.061/0001-09
SAO MARTINHO S.A.,SMTO3,51.466.860/0001-56
SAO PAULO TURISMO S.A.,AHEB3,62.002.886/0001-60
SAO PAULO TURISMO S.A., AHEB5,62.002.886/0001-60
SAO PAULO TURISMO S.A., AHEB6,62.002.886/0001-60
SARAIVA LIVREIROS S.A. – EM RECUPERAÇÃO JUDICIAL,SLED4,60.500.139/0001-26
SARAIVA LIVREIROS S.A. – EM RECUPERAÇÃO JUDICIAL, SLED3,60.500.139/0001-26
SCHULZ S.A.,SHUL4,84.693.183/0001-68
SCHULZ S.A., SHUL3,84.693.183/0001-68
SEQUOIA LOGISTICA E TRANSPORTES S.A,SEQL3,01.599.101/0001-93
SER EDUCACIONAL S.A.,SEER3,04.986.320/0001-13
SIDERURGICA J. L. ALIPERTI S.A.,APTI3,61.156.931/0001-78
SIDERURGICA J. L. ALIPERTI S.A., APTI4,61.156.931/0001-78
SIMPAR S.A.,SIMH3,07.415.333/0001-20
SINQIA S.A.,SQIA3,04.065.791/0001-99
SLC AGRICOLA S.A.,SLCE3,89.096.457/0001-55
SMARTFIT ESCOLA DE GINÁSTICA E DANÇA S.A.,SMFT3,07.594.978/0001-78
SMILES FIDELIDADE S.A.,SMLS3,05.730.375/0001-20
SONDOTECNICA ENGENHARIA SOLOS S.A.,SOND3,33.386.210/0001-19
SONDOTECNICA ENGENHARIA SOLOS S.A., SOND5,33.386.210/0001-19
SONDOTECNICA ENGENHARIA SOLOS S.A., SOND6,33.386.210/0001-19
SPRINGS GLOBAL PARTICIPACOES S.A.,SGPS3,07.718.269/0001-57
STARA S.A. – INDÚSTRIA DE IMPLEMENTOS AGRÍCOLAS,#N/D,91.495.499/0001-00
STATKRAFT ENERGIAS RENOVAVEIS S.A.,STKF3,00.622.416/0001-41
SUDESTE S.A.,OPSE3B,02.062.747/0001-08
SUL 116 PARTICIPACOES S.A.,OPTS3B,01.957.772/0001-89
SUL AMERICA S.A.,SULA11,29.978.814/0001-87
SUL AMERICA S.A., SULA3,29.978.814/0001-87
SUL AMERICA S.A., SULA4,29.978.814/0001-87
SUZANO HOLDING S.A.,NEMO3,60.651.809/0001-05
SUZANO HOLDING S.A., NEMO5,60.651.809/0001-05
SUZANO HOLDING S.A., NEMO6,60.651.809/0001-05
SUZANO S.A.,SUZB3,16.404.287/0001-55
T4F ENTRETENIMENTO S.A.,SHOW3,02.860.694/0001-62
TAURUS ARMAS S.A.,TASA13,92.781.335/0001-02
TAURUS ARMAS S.A., TASA15,92.781.335/0001-02
TAURUS ARMAS S.A., TASA17,92.781.335/0001-02
TAURUS ARMAS S.A., TASA3,92.781.335/0001-02
TAURUS ARMAS S.A., TASA4,92.781.335/0001-02
TCP TERMINAL DE CONTEINERES DE PARANAGUA SA,#N/D,12.919.786/0001-24
TECHNOS S.A.,TECN3,09.295.063/0001-97
TECNISA S.A.,TCSA3,08.065.557/0001-12
TECNOSOLO ENGENHARIA S.A.,TCNO3,33.111.246/0001-90
TECNOSOLO ENGENHARIA S.A., TCNO4,33.111.246/0001-90
TEGMA GESTAO LOGISTICA S.A.,TGMA3,02.351.144/0001-18
TEKA-TECELAGEM KUEHNRICH S.A.,TEKA3,82.636.986/0001-55
TEKA-TECELAGEM KUEHNRICH S.A., TEKA4,82.636.986/0001-55
TEKNO S.A. – INDUSTRIA E COMERCIO,TKNO3,33.467.572/0001-34
TEKNO S.A. – INDUSTRIA E COMERCIO, TKNO4,33.467.572/0001-34
TELEC BRASILEIRAS S.A. TELEBRAS,TELB4,00.336.701/0001-04
TELEC BRASILEIRAS S.A. TELEBRAS, TELB3,00.336.701/0001-04
TELEFÔNICA BRASIL S.A,VIVT3,02.558.157/0001-62
TELEFÔNICA BRASIL S.A, VIVT4,02.558.157/0001-62
TERMELÉTRICA PERNAMBUCO III S.A.,#N/D,10.502.676/0001-37
TERMINAL GARAGEM MENEZES CORTES S.A.,MNZC3B,02.664.042/0001-52
TERMOPERNAMBUCO S.A.,#N/D,03.795.050/0001-09
TERRA SANTA AGRO S.A.,TESA12,05.799.312/0001-20
TERRA SANTA AGRO S.A., TESA3,05.799.312/0001-20
TEXTIL RENAUXVIEW S.A.,#N/D,82.982.075/0001-80
TIM S.A.,TIMP3,02.558.115/0001-21
TOTVS S.A.,TOTS3,53.113.791/0001-22
TPI – TRIUNFO PARTICIP. E INVEST. S.A.,TPIS3,03.014.553/0001-91
TRACK & FIELD CO S.A.,TFCO4,59.418.806/0001-47
TRANSMISSORA ALIANÇA DE ENERGIA ELÉTRICA S.A.,TAEE11,07.859.971/0001-30
TRANSMISSORA ALIANÇA DE ENERGIA ELÉTRICA S.A., TAEE3,07.859.971/0001-30
TRANSMISSORA ALIANÇA DE ENERGIA ELÉTRICA S.A., TAEE4,07.859.971/0001-30
TREVISA INVESTIMENTOS S.A.,LUXM3,92.660.570/0001-26
TREVISA INVESTIMENTOS S.A., LUXM4,92.660.570/0001-26
TRIÂNGULO DO SOL AUTO-ESTRADAS S.A.,#N/D,02.509.186/0001-34
TRISUL S.A.,TRIS3,08.811.643/0001-27
TRONOX PIGMENTOS DO BRASIL S.A.,CRPG3,15.115.504/0001-24
TRONOX PIGMENTOS DO BRASIL S.A., CRPG5,15.115.504/0001-24
TRONOX PIGMENTOS DO BRASIL S.A., CRPG6,15.115.504/0001-24
TRUE SECURITIZADORA S.A.,APCS-CRI05B0,12.130.744/0001-00
TUPY S.A.,TUPY3,84.683.374/0001-49
ULTRAPAR PARTICIPACOES S.A.,UGPA3,33.256.439/0001-39
UNICASA INDÚSTRIA DE MÓVEIS S.A.,UCAS3,90.441.460/0001-48
UNIDAS S.A.,LCAM3,04.437.534/0001-30
UNIPAR CARBOCLORO S.A.,UNIP3,33.958.695/0001-78
UNIPAR CARBOCLORO S.A., UNIP5,33.958.695/0001-78
UNIPAR CARBOCLORO S.A., UNIP6,33.958.695/0001-78
UPTICK PARTICIPACOES S.A.,UPKP3B,02.162.616/0001-94
USINAS SID DE MINAS GERAIS S.A.-USIMINAS,USIM6,60.894.730/0001-05
USINAS SID DE MINAS GERAIS S.A.-USIMINAS, USIM5,60.894.730/0001-05
USINAS SID DE MINAS GERAIS S.A.-USIMINAS, USIM3,60.894.730/0001-05
VALE S.A.,VALE3,33.592.510/0001-54
VALID SOLUÇÕES S.A.,VLID3,33.113.309/0001-47
VAMOS LOCAÇÃO DE CAMINHÕES. MÁQUINAS E EQUIP. S.A.,VAMO3,23.373.000/0001-32
VERT COMPANHIA SECURITIZADORA,#N/D,25.005.683/0001-09
VIA VAREJO S.A.,VVAR3,33.041.260/0652-90
VIVARA PARTICIPAÇOES S.A,VIVA3,33.839.910/0001-11
VIVER INCORPORADORA E CONSTRUTORA S.A.,VIVR3,67.571.414/0001-41
VULCABRAS/AZALEIA S.A.,VULC3,50.926.955/0001-42
WEG S.A.,WEGE3,84.429.695/0001-11
WESTWING COMERCIO VAREJISTA S.A.,WEST3,14.776.142/0001-50
WETZEL S.A.,MWET3,84.683.671/0001-94
WETZEL S.A., MWET4,84.683.671/0001-94
WHIRLPOOL S.A.,WHRL3,59.105.999/0001-86
WILSON SONS LTD.,WSON33,05.721.735/0001-28
WIZ SOLUÇÕES E CORRETAGEM DE SEGUROS S.A.,WIZS3,42.278.473/0001-03
WLM PART. E COMÉRCIO DE MÁQUINAS E VEÍCULOS S.A.,WLMM3,33.228.024/0001-51
WLM PART. E COMÉRCIO DE MÁQUINAS E VEÍCULOS S.A., WLMM4,33.228.024/0001-51
YDUQS PARTICIPACOES S.A.,YDUQ3,08.807.432/0001-10
